376075265772,sm04ivk
562020539447,xk73nem
493521756156,kg09zdi
455295773591,nh87pih
404652484979,xu12mcp
050077455514,ya30yhk
667882718121,uw22lkf
641342445421,hk82ccd
695298774378,zh10qjf
938196469456,rm49qop
918949764075,ar89jwc
295304603926,bl17jtf
034053967700,zz34aos
547981781688,iw40fgr
672921436349,mj69bsu
561442487915,ug09ior
558723248718,en26ssr
419676422067,ay13ziu
507711211240,mz94bwj
039535015983,ka30zbj
970131525777,jt34uxc
786917868713,bo37cay
785472051136,vo32svy
181971888566,qb82jur
424873392910,jx99kjo
289342795916,ln21erk
356122054073,ym37fse
075365518432,ae17dbs
476784229519,dz44sln
499493428182,oa62gnz
314768708448,an37gab
026575558216,ya78lgf
880060773268,ir47qmt
985957493776,lz80bad
740802512544,qk89sqb
472213735405,ye78mot
321153652496,ig90yvj
319234985934,zs01jbk
586762037408,ef64bvu
575268896644,cc53lyw
683311550487,wd41xxl
126674760580,hm63osr
792283419461,yx78wie
585228089808,zp13dxq
089152622873,bo30lcm
949953026411,uv23qja
594218333197,lm94ffz
980372135709,af18pfh
757387172220,bl31xxk
833194517870,hq78brx
238630993482,nx63nmf
229671448187,di16gpq
609697043850,xa71ced
792940072084,ki73wel
941881962673,ws49uhe
836555017545,pt76bym
571701188279,zw38iwz
274258399453,ye02kko
115637860407,xu95hay
159540799593,pz09oex
280424423825,al06owy
170131086941,lv58yjj
627387757347,nf96rnp
746323729230,jw86oxl
571194352331,wz17bkt
893940298547,ag89plo
473807630159,jt41lhl
329882597538,gm71raf
935565419265,mg87qvv
741108621391,az92cxp
183753735022,mc57dpa
072606755392,bh02jsd
874212189724,qj92xds
130188794673,gm40opj
229637847600,up24kgm
433781250762,na95scj
469281812497,mz92lmw
148778935942,do69nwe
329026340394,eh53szp
086048047338,fh07hqx
233512930076,ye96zzx
948829363934,qk14uoz
390682249257,cg50xxw
581898879902,us92dqp
125205732589,ja71czd
421245266978,vs06fgj
072204129427,nn41ckr
115107636393,id07ufk
043148916765,wk72pqa
531167347320,ez77fvd
446872219811,ut01dhv
399835876140,og62vjd
956970810650,tz82eft
606646933547,hx52smj
185642106699,ra74amz
430441278875,wu84hme
371640951512,km05gud
973466437303,ml05kpx
847682788065,tz01jgg
264563555106,dc12jpi
234619303461,es88xyz
300996584278,fe76joh
016305485694,pd44lcn
284252120709,qq09ogz
952086610464,xl59xec
228296667790,qn20ajv
583814810885,is69buk
168313747770,ri29fck
957292812192,po44dxv
426633140992,rn32uds
721556043364,jj78uqr
977561022532,pj16hga
483453258889,ng38efg
637012774347,ye42wed
282013842956,of19sza
623396447863,ja12xyv
746780033756,cg02xqq
499817095046,zv54ihq
485797141366,ee49hdr
009374580751,kc90gqp
767843026527,hg30zyu
549900816131,cj93evd
861857450714,lh51mvy
619466897612,xw27uqv
494682623638,sy45fhk
261694554969,dv77szt
510280208994,jn59avf
196947700736,et46xol
772747702898,fp15hgu
775891106017,qp91hdg
102463626302,de34moq
906720784435,ab24hdu
676361066581,jp61etm
047372204089,ud31pnh
478230588700,ry11zlb
685366636606,ph72voe
545662665253,be42lfx
347465104050,qp40jen
943857600934,di06okd
482832030433,wy33rnt
939778272641,ms94nje
151243479645,ff04oxv
442793603567,ag42oss
889226521441,is28otx
125869377399,ol87cki
752095880531,jl33bnc
223521790764,gh42gjn
334890701493,ah88qxs
154690588139,il27hlx
794811788415,cm33hxg
783438396718,vz47nwg
060540934855,ad86nld
906288557202,qk04tgi
807124633682,xk32ktt
598968789400,ia90fdi
857644406267,mc66yru
461729084839,dx07gfv
075881765352,hl79jxs
378393610961,pv68dvw
049911888986,lj26fyf
161841243921,vp22vuy
075368465416,zp54sxc
155341193063,hp08hvt
658669340312,yh44ygs
321182692003,dx44uth
358540502372,pi25erg
091914413788,xw28brq
163827525500,uy11wqg
368243140204,ev13cuk
368127732852,km09pon
834521936504,eq78maf
395193365256,un92mlf
813153949514,ww87qkw
685248341678,fm48van
443487206137,jy05awx
962565774535,ob46taq
444251337208,wg24zon
195748334313,dw13xzq
752758509560,ir31zsn
626858288327,oz80jdd
456738162483,jp48lsh
969397223988,ji13fea
301653865006,av03maa
975344143886,rz88ksn
400507366860,gl64rzp
601327411688,ra62cqh
289191218457,ux17euc
547282881233,yi00blu
947061064089,hg18dee
165850111345,xy61wlh
512202409149,hd90jog
118097196599,iz30vdt
350827301303,xy05cgl
971924060722,qw16ybq
670268023634,hq56fzt
372711300526,we74fcl
090794228561,mf97ndn
347145798300,zm93tlw
170848711768,ln69gko
133498197133,kv97ebi
972749916259,bb71uqg
851501604830,yf58piq
664402816640,cg71waf
695855267541,be31llc
538551338903,ds84jgm
168853989733,lh16wlp
533972380635,co20ivl
959691095656,ht28vhf
058305423601,ar60jxj
219164281246,ux57ezu
492612896777,ww69elb
638988042431,er45ghk
607934018749,or09wcj
856707288733,oa57znl
187316320814,zi34zvk
381676893661,kj85rrx
017188235895,vq78ohq
774388463160,oz16yqo
375602672652,jg44bit
787100438279,sw37nkv
046282416949,zl74ahq
387730255881,nl55yap
366462418924,xu23alq
143502201233,lw64byl
258346990795,we51jsl
247643970000,af00frl
771932273324,zx43xrz
681124930703,fl97hxh
218906038103,ja28oqe
783786032711,nf14jno
090646887552,ct03yzz
264884837916,cm02fez
459247979370,ok61loz
807203205093,bz49wco
641752966862,hf48wao
737497883163,ib81eeg
546618057072,il54pdg
323635557315,ug19vbc
147677606474,vc66bvf
688927696695,jl51bpp
947330990690,vp42ajr
122840999347,rs16jkj
951966559021,vu56sbe
102622109690,bg19oxb
176034840682,dq65eaw
113660710018,zd52bqp
684291691256,dm44yvd
321585160129,vp27gfn
469417425618,az98weh
375954936032,iz66rmo
845301540699,vi48kls
920644652728,lp91pmo
585754845436,xl51vhb
132205947293,vh32ezf
030591729002,ta63moo
761053174973,vz66kxo
292948960081,wf77jso
491169948469,bh68jqb
326909168686,pr28nzc
779078158408,sj79huw
286355066195,cz73tuy
564236012716,br62xjm
179165413873,sp31xir
542573333722,vl02jlc
673676265409,zj74rnf
408078554685,fs97qvv
278093215479,oy92pdp
955737984456,xz36zyr
943708446298,at30ptk
385701284078,vy39iby
521758584843,ho63nug
204191923900,mz89bha
166654044264,sx63dtp
879798485003,vt56uuh
144166472763,cp39iyo
857639935969,jj27ucs
772620026920,yx83xfn
237293436951,jd78wxm
736225941779,hg05ovb
402578261768,vp47jjr
770278480145,gj54vkh
207924879481,yj36vcq
404131842312,jy56cix
516604492885,jp63sga
180161140054,us25yco
483131217570,mp45dkp
428684813477,ss81pnt
148311127818,rs48zhh
829473728052,ji32drl
165001282034,np26ojy
478285727821,ua26oyk
702644763338,rm81nqz
393343313100,vf06ihg
089635922340,eb13mfe
052871493691,wz42ckf
194244836434,ne05bnt
652621062486,nq00civ
506935387427,ex63sbg
361407169378,ql35mbj
580060970023,ie82odb
578261626132,vs96zqp
718967829803,gi31qai
949336048497,it12fbr
775568559449,ci68mlv
391015558434,lg90pgm
564835332948,if07ssz
083304673745,md74xlk
319116924663,bc27txp
780100711416,zp25qzp
958047054234,qg83ufk
487241472793,if79wez
722630450318,wz42dzt
820387422689,mv01hnb
710154842319,ht71amh
457290536382,ek92upb
051956540453,pc21qwo
523508356750,at67rdn
363358811424,sa68jyp
344541594417,rw77ezy
029599204587,ae77vih
133522832424,lj31kul
743974260089,ws44mtt
571424206442,kp76iyh
478648791472,ga17fuw
508286774903,yf10iwe
608664609860,ia47yig
260992525881,ce44zoe
177178733166,an91imw
039016297326,he27fet
886205089318,tc09ryp
399221482260,do79vyn
068241537076,ln77rfz
875035303381,dk08drh
810262631810,co87lki
542464409393,sl71goc
884035344165,ay07btq
037291017029,ti68ihb
445361062178,tw98amf
681340696175,ty13rma
985979764665,oq09mby
188758436523,ra99bop
355239021153,al87mgr
125807751333,rr35geo
059891105091,wu68dye
911473086706,kd73zmx
614897915590,wz78acs
568375145988,sl12gqn
577141535822,td91tce
897246037347,ke99twd
066752322488,xh64ynm
492888146551,xn64hxh
067537307096,sp41pif
304636467852,ob62buc
604812197063,uf67hcw
641130426742,ve90zll
409294178514,gp21uap
750900850200,dv87hum
560569174918,ef08pjj
037463644937,mc41zig
503821612617,he90qzm
637128092292,iq33hst
428768432104,xs84lig
175769708537,gq95yug
365901481604,in74chv
194782365517,xz76yug
711711191762,bb91jsp
152089730078,nk30klu
204700440685,ve65krc
615601850310,dj05glm
060479093488,of22jdj
434864003971,ly10mni
705747184231,ci26csh
529652771990,py66ziw
607875364176,ju01afa
778137908357,xq25ers
681478678555,jc86vqw
556710075651,cw15juc
516261830324,nv78tcu
918282835558,ic05rdt
113579976140,qa03gri
658577041917,zv71sbx
203300150654,zd40wzm
937278626988,pj33dap
639884371091,nr72srw
179123124001,gs06wze
153032736900,pp39ffm
061496868535,bg30bre
202123575254,df68ntu
192428300931,uc03ved
771034828494,dc06ywg
580267231215,xw16hlo
065308571332,ct15vsg
527604532258,bu48vyt
709338766787,hd78daw
662066825021,fw29owl
637253551786,af42kpd
977497891416,qa31kjf
096118285123,hh69kya
087848449857,nl84qiy
558613349925,hh09irw
098930434959,bg74alp
377307743850,jn27hkz
802732398837,jf87qec
304561437257,mb76axp
877009094024,as57ryr
230707401332,fs67obt
700669096037,gc90ftr
199727216148,wk76bwz
089296921040,jp20khi
009386984032,cx09sdy
030625799229,kq41ezv
131702582158,uw44tsw
279630541421,ju79ncj
497398869720,qo22lxn
512206611937,vu36umr
689086766179,yw82zsw
185776613252,vc51tdv
197402189504,yv74sjm
330728048817,oj48ltr
735525308251,wn55kew
388445225025,tk11xug
226447689785,em73iiq
065084692551,rs12rdg
216137253119,eh08bnt
826251960074,ru76pwk
304203432616,so79qke
303626124047,ig62jpp
264781109949,yo64xvr
234906440026,tw31gyz
784487643237,bv31kix
697794449509,jz45rwm
058558328138,hj61bvt
851021522843,xl93nzf
291108596231,nl21ulw
668039902216,ib90fre
779646535284,fd13tbk
469209476057,qh30ipw
009460555137,qy06fyb
395984713586,wz32yjg
384166619682,qm45khb
038855550110,gj26gva
184133174701,ff28cyo
593364646061,kd27obm
034385782556,vh03nag
548410695363,jn89xha
011441789916,eg30ntz
978564368450,hy55nni
626339163450,mp69xnj
846996339768,uc66pka
481698815150,fj45ite
728760506215,ib65xwx
826181406462,xk91lce
806789466304,od39vxw
351749922157,gg96jqu
326111453950,ol61cxn
166778274732,ub71qbw
409710423861,nf36api
057413682517,pi21vpq
666808238220,ns89xqq
784185798043,vj77esx
986802747570,pf35nmi
448666614901,ui43lor
492406104289,xf49lsv
758453174051,vn64guy
771845080902,sf35rfc
654527994580,ei78vgm
673376217664,bu45kdv
576132684599,ve20vbn
062609602468,ki24erz
666977643284,qi59sds
056147607512,km42wfy
728515219561,cc47zjl
261995811623,fm54seo
476605017041,tw05zrw
565265445377,kg10chv
070571960507,ng46mjp
054028838838,fz90xpf
901921932941,qd45djx
138914069837,xl69yyx
348814527222,wb33ped
886349231188,aw40aty
297950761995,xu81tis
325122482708,ye03anr
485632037305,yp57wcr
548430723862,wa91ptp
165702180146,rw01nns
879507411178,qs47wvz
677286282130,eq03vau
311476406013,yu94iuj
353849838297,nb36dgq
115499137120,dr76hab
744693896166,kl77ihv
751773802268,ek06pjv
252219867329,iv75vie
037583935607,lr73vkb
751242210942,cc21ioq
686773882705,rn70wos
592833839004,mq75lln
904705579619,en98zxy
520776053807,ta95uko
672061357997,wz98niu
336228191362,av81xpj
453371153244,xk79ljv
822388508118,ho45sdk
315878252645,ew78tct
574332519547,ot90qbh
106985162703,ui28ntx
279474815392,dh43vcw
013021505023,ny68pnj
720712090897,ev67rtf
719301921076,ey96oky
840576253576,zl86cvz
132881306374,xo93vap
762101865905,ou58hae
188819816829,xo53jve
028877680890,gc99can
422266085103,ey99orp
158616816961,aq57sje
015871789223,oi86uqv
578539892580,dv86jfv
768173957895,ws37fgt
243974487897,el98pzt
291828092108,zf57dut
107839576319,iy11vbp
845028563119,oh98ajc
323717860409,ae43oew
302687468653,jv91tib
989904673452,xb46nzg
468457746087,xx00mtz
056065036066,za75iip
057709638750,or29ukd
069459915408,tm58jii
770593559981,tu30xaj
010260315557,ff93zta
211913982790,wy48ahq
802778390043,hq15eqz
170692631936,yo97wub
519241835044,xp39ssg
107200791394,rk03rvk
359957148824,fe44jmn
973572594323,ol76blc
077305142352,sw74ccx
492863007517,gs98acu
937523904636,qe41ofy
071335956230,dz64xsa
510734634620,de61vff
675776545327,hk00szz
385080724505,ta83lkj
867978582074,vp47ufi
363845969697,zt56kki
504573802122,cp66yvw
901090973754,uj44yxt
603192959445,fa59mea
178603009136,de58bwk
784021306015,zv87uoz
875816948191,al87zhk
719502691975,oj11grj
060800436704,ws14mii
187976659447,da30lea
900614226932,iw85sew
866005236262,wd39rtu
257078718175,og54ysg
034165476634,me13hol
325495034358,ol25ehh
551565521925,ji10xcu
288634462909,jg39lrj
624247303956,lv68fsw
630239375109,qb39uuy
577157013669,kt68arr
798934963253,qj34xou
022872051029,df95yzy
189428820694,vy01uro
253297099409,kv55itm
461580706067,zn52ctu
997700808722,lf25vpg
216300290014,il86ayq
793439446536,nu27eti
948024935934,ma31ftk
851682583584,cz43ycc
795330839595,zz17wzo
010684446440,sq77gav
661315735131,fk29aso
421996295741,gt74blt
534595338715,ss37apf
707037438011,ml25qls
063508472491,co99qln
451379833127,uz21cki
654267767427,qo60hcn
011593367641,ez88tpz
580459420948,dq58gba
128199345993,cr28yuk
302259362542,eq01ode
665369947833,ci39iqf
844488494446,do88fcj
358206615644,ih78utf
002917835092,lb45bno
117902297648,qj34hbd
323376613619,kk02erk
572641300023,qa74rbe
952145908011,go65xrm
276338975770,rs45whg
655354821335,hn83fau
312066497691,me79prt
062023805114,je48pgy
175315698790,vu66wqk
648645682556,jm54ouf
071220994841,ef55zum
689065147728,pe22iud
688064551379,nm96lxd
027260982200,uy90nef
850286742758,df94eec
013017447627,ah59xpt
792470701540,oo63dll
421985761385,ol43okr
069819899796,hp44vhg
591158889554,rr23vvd
684861953031,et41zmx
827248774869,hf78nfu
179906800756,rh56hph
515297030381,lw36nwy
967493464823,tj32tpo
906517312300,lv04rxn
615797068245,oo40jmn
512921394249,du33ocq
594230552218,ph09pns
513885545611,cv24sjm
422933287945,nz10ykm
222690945663,af84ulk
305408815295,dw51nhc
957444553605,kx74faf
492771798045,pf66ijf
170950958209,fk21jlj
206855902963,sp59odk
402710415237,xv64qsg
727236786178,sf44ekn
397111122551,rm26cjf
842418784086,jm67osc
390499732516,aa53jfo
207822428418,sv19lgy
516928338541,ha66jjk
901625422877,sk01dsn
117926507869,rv98lqi
684758570068,ws25qnl
274327331034,oj99yvw
951522181543,iz45gqz
643685932735,bi14usz
136040278989,ms54uqy
332667780356,lt46xwy
799482612489,td54xzc
362103088418,et47hzm
083333683495,ml52bkt
755750477260,ge19hjg
826423972770,fy83yci
708893795077,kg66dui
363660910600,in42yuz
824444537075,qd59mnm
495849830695,vs32xkf
007628913160,sw48gaa
098003834850,zo70ypc
709308982644,pk52ahv
802809107623,ga01gcy
377048974589,xt34gzr
270717032947,ew04lwo
000967293509,du53wkf
061761601429,uq37iqb
789483677525,xc21vbl
390832553719,bw90sjt
651628703968,rx37gaa
861162981014,br53gli
541243708353,kr64cxk
716912764200,ha08zfn
310122613869,cb36dka
935728696493,jz12pim
581903645227,kd54fln
825333622250,hc50wyn
378571692755,pw32gko
362639641678,jz14bmn
558739668050,se07sur
043013416930,yy06crx
391692380483,rw96vsv
150961786224,ti70ljh
068256422509,og26swo
306322790348,oq31eqc
366248415319,nh58ztm
534421343222,wf05dsk
445417380426,nz03zlo
835183122447,cq32qoi
310843077025,ko91nyt
657772315691,ke78kzu
859073401247,ym21plb
437753290865,hf88trz
404726372046,tj64nak
165848243437,xb98fmc
059063520901,aj33ekv
325147179744,va55dpr
999379432882,mg74cfj
310492693854,zk97frl
723197844203,ul42zys
092210322409,sc68kcx
562104231524,jq15cbn
911704689978,ye89vzw
432472936901,dh15zzi
261377810492,rg44isu
041034965795,lk13cus
365435446825,zb60aji
434013546223,cr90djd
099885561787,uc60elk
122664060094,ny55jvs
181515973676,cg79fbk
000827441778,ar27kfo
675626681113,fn57hzw
903373953781,wy93bsm
645574018469,qi85gya
457647043304,wd82twf
532287630425,ex01ntq
995719817975,ef25eei
148587947120,lb29eve
933630130140,vw37pil
799329961137,xd86yoy
830166935210,fu11lfe
296315525940,qt45ucj
318643689114,du28ade
271969298409,tp24ojk
222031879018,rx83oah
736188150669,hp77ugv
861416803664,op64dyc
410844762230,ic81kfc
933013000511,sy31ahl
627623154171,id54jmi
000845199588,gy95lzg
885441815174,gg24fgv
553781559766,cp62eyg
001047386597,af78fii
786020070041,ii73nsb
402118416876,dp59way
665748812490,pe77fqq
463318483917,cu18xww
555078228079,xh39yxm
881965327356,mc39gmw
524859985278,gi59wze
133452800660,qd37fyf
292122375736,xv21tcm
398247859069,ur92aeu
614565485049,fv63cak
052565285996,wq47mzv
473344559604,iw90osi
299432670131,lh46equ
846053129505,im52mzg
251124646331,ae49fsa
747107423616,uz07mgq
017148874245,be89emi
393699194324,xr88bva
718355055549,ks20ynv
844697896596,ju88qwt
232703298422,jl88iun
769314746352,ol57rne
978358493541,he31vaf
553179091115,wf98xul
215128196520,qw17laj
738209434720,wz24nlg
057976053264,pe79lnl
628743589774,lf87xer
662737567231,oj17las
361406934725,ft00suy
335657457395,nt32hes
155665872512,up84ymj
211206824449,pl15ojt
133680134745,xy49pja
495088031345,ua13eft
185186719670,ye26axt
529195954233,wx43lft
046690561133,ud79ihh
223321240659,sk37sjk
689206205415,om54hlu
765010746420,ol31qhe
183919576117,lq63zuw
262796958571,qk03efg
035939130760,le12xap
201551874582,be92alg
891058026646,pl98uvg
883220614295,jg23noo
435986882862,uw36jkl
314859489096,wg36vna
731424005147,um80znt
351956986801,kg92olc
665644371998,zh06jhp
647189594130,sh85tyi
336989995638,yw55dkg
879390287297,lo41gui
962744399006,dz51qnj
483931601551,qf85erq
372843406685,vt33tow
260927139324,bh63ees
926799525409,fb61gbi
572987784796,ds43dyj
620102963734,hc91bvy
429666042568,tt96jme
272710636708,yd90pqz
542364386531,ap43jpz
014962169036,zt85bxp
155765871464,pg71afb
842436076017,lr91dkj
254940256832,wm07rjt
001164895670,fm58yvc
776044727429,qf57bsl
503398047836,gs58arb
762016619800,ua69bmv
247716873187,tu38umt
308594366160,ux45zxq
960072930224,pf55zai
715775232791,xv61non
611604089312,hp24ntz
134652104929,xk82gwz
382060162777,tc80cpr
816858402713,jb91cdi
172171934680,sy37csb
937636350282,mc80vkr
764031714686,aa10pzc
594452517108,uv01laq
714524924411,vz13msn
354740344965,ca78kbg
259905868558,sc27ata
961758656389,ux99pgm
955235415579,xj96oob
882274094401,er74hxo
411872135129,om55iwi
260111920346,vx69wsk
539415849811,ts21xrh
750959194661,fl77cih
709632156254,xl32pkd
845245098837,hi29yha
658723847300,vp87hpe
323214379823,pn71szo
283932513641,fu55ykf
598597400986,tb59asd
928271995702,lu84apk
798135770967,kq68bgx
326139767316,tr65kbw
789224908168,wi85hdq
864365722290,eh46udf
987039032289,tn07pgm
429551724637,bn72lpt
384208579540,bv94guo
758262324118,sy48zfg
310232166790,bz60erv
946701901208,za73rqy
822688129530,dd80zxz
699276595189,ll74psp
955912097556,ll77tyj
058939149300,vi65kdr
294835235957,pr66rnu
144638989223,pj47hdc
605775124187,wq32ctg
778902031211,lh17oja
427712934802,kh47dza
308605992290,av54ess
318502708512,yb85hbf
604730745838,zk37sjn
860770445597,wz35jnu
888240175384,gk39vpx
530530034644,bc40ehm
060251298455,fa19axt
249791038672,yt36qqz
562463248559,ua00nwe
792234335485,gn57xsa
599782103521,dc12lwr
539526273565,ys25omk
966276445373,we09lev
493633323121,ik53sgx
883829518670,tc33esp
397385755919,vq22klw
903828593516,qf14dhl
758957188617,fo74kty
574873777782,fx37lwg
460261295804,vc49kpt
101303031657,bb86sfv
702817573744,aj62ola
634247068376,ro24tih
249708596684,xj95hfj
226081751246,ov38vif
812061326330,bu06smk
879638719020,ts70gej
893439681363,wi14soy
274328091554,ew84qxl
007708633900,vv31gqu
885006492103,va64vyy
873599494737,df93hph
084831989605,br88tkg
872384119116,sv90xfp
720103576150,bu97cjm
735179563140,jj61zns
543811279952,uh82sxh
210857913053,cu04ugy
475220546190,pb11byg
166359758773,di56ocr
974438231952,lw99omx
811003670990,ay48wdh
416391780442,cx19xph
702664724558,qt33tom
691271314966,st97twi
162088977091,eu11spm
937793658442,am06gyy
214172703288,tk46hti
696582136260,lj37stu
998546515246,dm30zbz
739327202161,ic52xpi
642338267807,ds48bmo
607923646115,ct47xta
704282838751,ra33ybx
491276942303,ua76zpv
079511473139,xc84qbg
868305514664,jb78tub
505050988045,yh55kuo
772448685076,vp35ecg
505916730562,is28huf
993017855406,xj57ath
222627411766,pz60pbg
329797505745,wc37cdk
097768961252,ns18kuy
214834037597,pm14bhf
066888242549,rw55has
205415056320,xv31zig
755998822210,hy68jzc
247922530940,gw40yzp
515254845735,dp09tby
368608681851,hv42mcp
297959858806,bg67qmi
297976391667,vu72ujk
418954232582,kh67pql
550296300194,ko23zeh
409753980486,hc80auf
060516909403,tg31jju
829438128991,vl65kbx
311397132972,mn58orl
036869437787,ho83gzk
205967799445,dq12qtk
716121829353,cs35mky
772167057111,cf52gge
314178199325,qc45whu
617493919275,ur11ufc
715648592217,ti37sbc
264470851894,he83mts
106566248795,op28bfi
174337809164,rx90poz
221982728812,bg88szj
520637196159,ey58mdd
353337908816,hz24fzt
947587210288,qf67fvp
797772056742,yx57lei
897401399183,jd86hbv
492435091466,nd91kwi
786655772688,my91olc
544326938587,gh29yxl
347908171724,rl90cus
662255054980,dv55szo
660251936521,vm51qbf
411510843690,sm17qqp
912766012356,lc15cbv
300656234719,to41tgu
521690623842,zv60vcf
766989224174,vy10flm
564081595424,wn51yen
162337512501,uc94zfa
713678707101,co57asf
585799913058,mi43enm
152008954977,dx77rqs
797621938203,on12eco
140256158125,oz02nbm
482416785375,le23bfy
285015937452,pq77dlo
857387689028,nv53kzd
406951294783,sv75mvg
853643764670,nz38zqt
724863394748,rm03euu
638137245556,dp90svu
984848027993,gy25zps
432850046278,cw19thp
328115970258,od77euv
181510998210,ko93pjj
438676714859,et39xol
371437912651,ta65xye
023861217570,og79asf
639643235095,fv28ixf
579075712058,gq23oes
758649035585,rf84nlh
699249971683,nj18frf
787412576664,jq16szb
320853568399,vb11bpc
244643499184,bv55azc
343366863318,rh82swt
984060891986,bm47aty
440723501987,zc34tfw
831515129199,hq97pha
465104933859,cy36mtd
352715219525,tg52vgr
202987701765,jd18tim
000143565696,wd60bnx
632444445724,kf88ara
221376956434,sn48vbq
061405018212,bu21dts